,x1,x2,y,yhat
0,-4.336520744053683,-0.7895712742731404,0.0,0
1,-3.957664631559007,-2.1049284295789623,0.0,0
2,-5.329995772174365,-1.152942951749021,0.0,0
3,-5.732448881111776,1.2568208318483642,0.0,0
4,6.252741638225808,0.18170598181901534,1.0,1
5,5.111367219925325,-1.1772995349689117,1.0,1
6,-3.567162433327359,-0.6758122959072727,0.0,0
7,-3.905889899867983,-0.16679749129024285,0.0,0
8,5.82279442484172,0.9088628869369345,1.0,1
9,-5.861225253197274,-0.14099080954071416,0.0,0
10,-3.1370724148947713,0.8350587468112366,0.0,0
11,5.8305441044038915,0.701342246199201,1.0,1
12,5.612418032700049,0.6905210460280535,1.0,1
13,-4.915353749588055,-0.6213938224099832,0.0,0
14,6.062696972913303,-0.5773168035919877,1.0,1
15,4.737717569623949,0.01751933275776536,1.0,1
16,4.153313512718623,0.2477554672409519,1.0,1
17,-5.881748526731808,0.8419395730245767,0.0,0
18,-4.8235361695812875,-0.5633522837287307,0.0,0
19,-4.42045838442677,0.5796897791443336,0.0,0
20,2.83235753889356,0.9098647173663688,1.0,1
21,-5.97343699528517,-0.13737657056441324,0.0,0
22,4.070827871633126,-0.5914879216970453,1.0,1
23,-5.2721764656873935,-1.1601296615335286,0.0,0
24,3.9310243761264196,1.251364850526638,1.0,1
25,5.110178192770987,-0.6867227411187872,1.0,1
26,5.169705275936076,1.524133445140112,1.0,1
27,5.504853352387334,-1.1713525391582664,1.0,1
28,-3.6840885589381793,1.3549777719079361,0.0,0
29,-4.547734786525177,0.24000295228544274,0.0,0
30,5.769152932189602,1.333513841789074,1.0,1
31,-5.132567446989267,0.8858411117177848,0.0,0
32,-5.871025244123121,-0.5722287475770127,0.0,0
33,3.5789603611557226,-0.3039721850644434,1.0,1
34,-4.978543775955095,1.8393483841259441,0.0,0
35,5.896554723945115,1.3971301644324212,1.0,1
36,4.577159275009203,-1.9602121989501975,1.0,1
37,3.853004048289736,0.39114464429766943,1.0,1
38,-4.625325647175034,0.3362963448845564,0.0,0
39,6.501130351170662,-1.5050324082069153,1.0,1
40,7.078145562890939,-1.6192329150030813,1.0,1
41,-5.879536343009052,0.283627323807291,0.0,0
42,-3.152546581495473,0.8457012421214739,0.0,0
43,6.104378205196214,2.6549472950478687,1.0,1
44,-8.066987632924667,-1.349275484416141,0.0,0
45,-4.411793591970295,0.3743664207436114,0.0,0
46,6.661330951133437,0.20686034662144415,1.0,1
47,-4.94131256155009,1.0644226884109076,0.0,0
48,4.24297470161627,1.477832522159583,1.0,1
49,-4.655062664306603,0.34576992946015894,0.0,0
50,-4.625081466426573,-2.28175242630648,0.0,0
51,6.937799248685443,1.1801838355576113,1.0,1
52,4.678066869839876,-0.2903439600965613,1.0,1
53,-6.019562126529009,-0.10741789856987378,0.0,0
54,-5.586650308253566,-0.46657403195990266,0.0,0
55,-4.5284130563920835,-0.8186616290442069,0.0,0
56,5.6656362135062075,1.3928987801759105,1.0,1
57,3.5361569944113094,-1.9752989026932481,1.0,1
58,-6.033437699367008,-0.07533486248853045,0.0,0
59,5.868442176305794,-1.3687824749632596,1.0,1
60,5.281271208475881,1.676160826712,1.0,1
61,6.664058200490507,-0.02132687350205597,1.0,1
62,-4.865973207253335,0.7044740740436035,0.0,0
63,-6.4651162220549505,0.36344556213502865,0.0,0
64,4.318929332397146,0.11520778357099616,1.0,1
65,-3.045266436844706,-0.2396699472941186,0.0,0
66,-5.06474495148624,0.422919279615949,0.0,0
67,-7.7944722983075785,-1.03910438326439,0.0,0
68,5.288198454027521,-0.11890493257014213,1.0,1
69,5.524523253354262,0.6660869687660294,1.0,1
70,4.578339185059062,0.6442992308921398,1.0,1
71,3.9903895223975754,0.8767205440063932,1.0,1
72,-4.228153364439237,-1.1429520395415,0.0,0
73,5.7285279300579415,-0.4402442794764151,1.0,1
74,-7.039362810068324,0.6428646746271166,0.0,0
75,-5.5299888642145145,-2.443075785879315,0.0,0
76,6.310206654516409,0.6168556794907424,1.0,1
77,-5.1795885009791025,-0.16343583065616263,0.0,0
78,-5.624024850239865,1.8044363234026013,0.0,0
79,5.5653693423636525,1.4721257178831877,1.0,1
80,-4.25653430472616,-0.8507150464015061,0.0,0
81,7.33315465040471,1.6885897263166372,1.0,1
82,-5.164875179019876,0.015571783015878514,0.0,0
83,6.7850182503716665,0.6771561756280498,1.0,1
84,-5.434004738298649,-1.667689228147901,0.0,0
85,5.566948637254467,-0.6180792717266799,1.0,1
86,-5.6615506465805066,-0.9297116344424167,0.0,0
87,-6.4029890877228395,-0.6376921388132418,0.0,0
88,-5.684821028359514,-0.30695667774888535,0.0,0
89,-4.1655010660409335,-0.9433839363906805,0.0,0
90,4.892186221168946,-1.3890243685437076,1.0,1
91,3.2408620049171577,-0.9075729532439828,1.0,1
92,-7.674490290303114,0.698156780970632,0.0,0
93,-6.3938066433750596,-0.2773315560899788,0.0,0
94,-5.520165882064571,-0.35623737108818065,0.0,0
95,6.174806182545907,1.3774557213927774,1.0,1
96,3.8010707063596723,-0.35928533022315523,1.0,1
97,5.392827600607462,-1.1316541913132412,1.0,1
98,-7.424836325455249,1.1062666575947218,0.0,0
99,-4.332468131180139,0.10045810704515155,0.0,0
100,-3.812582517310387,0.14571685457777803,0.0,0
101,-4.679368794004909,0.2968824466652803,0.0,0
102,-4.1520731870893055,1.3822308388552174,0.0,0
103,5.041293826515698,-1.1844275785761318,1.0,1
104,-4.327494283800168,-0.21397279340619518,0.0,0
105,6.6773095911841125,-0.19624447628126068,1.0,1
106,4.540450452493271,0.125821968132261,1.0,1
107,-3.849794457453368,-1.2673520490102275,0.0,0
108,-6.159744728282455,-1.885431655871733,0.0,0
109,-5.4801006218661525,-0.9234151966211207,0.0,0
110,-4.021263994062654,2.2381433384979528,0.0,0
111,-4.9125909923828095,-0.19488175708764266,0.0,0
112,4.358778569719593,-0.9052937848634223,1.0,1
113,5.752366782645813,0.254654298606135,1.0,1
114,-5.696990004791243,-1.101422269814973,0.0,0
115,3.65790819080119,-0.10239555555522016,1.0,1
116,-6.488141349215607,0.681796857695334,0.0,0
117,5.887991402127766,0.49394901046565326,1.0,1
118,4.596291344916566,0.6674692735887934,1.0,1
119,-5.8175109403989484,0.8463467718509441,0.0,0
120,-4.2330012375195905,2.2731051070621544,0.0,0
121,-4.6607711359845885,1.2624365367975052,0.0,0
122,-4.3991174913079805,-1.1316409267511525,0.0,0
123,-5.144013347480293,1.3166055958635523,0.0,0
124,4.706389399304612,0.6003547513116033,1.0,1
125,5.413222644367474,0.09121578524181384,1.0,1
126,3.5414756211087903,-1.0692713683566133,1.0,1
127,-4.620599387921864,-0.3791764345725522,0.0,0
128,4.7839758310656775,0.6551686671684903,1.0,1
129,-4.39583049261366,-1.3460386845653458,0.0,0
130,4.581944881055824,1.0431459302082968,1.0,1
131,-5.241750142657948,-1.4059609340395078,0.0,0
132,-5.123688732855699,0.8881945413408756,0.0,0
133,-5.973011801515233,1.4482085518948633,0.0,0
134,-4.898533107547582,-0.4216841007751528,0.0,0
135,-5.183331810460904,0.45428446814507467,0.0,0
136,-4.81095655758589,-1.0818191232906198,0.0,0
137,5.0616456470790006,-0.9649023279056552,1.0,1
138,-4.125037670896693,0.35227158207147286,0.0,0
139,-5.019037996596101,-1.6403731200710867,0.0,0
140,5.694076049612133,-1.2507138707111594,1.0,1
141,-4.593928804853489,-0.26951890521340593,0.0,0
142,4.461707246510766,-0.21604026521687442,1.0,1
143,-4.696212069213811,0.24376576053087365,0.0,0
144,5.0178675954357015,0.6479994990562532,1.0,1
145,-3.55925694853757,1.426170276836913,0.0,0
146,-2.9419070653250388,0.3684183422874519,0.0,0
147,4.532224704375949,-0.10015917937291328,1.0,1
148,3.859854589874706,0.20384915221955416,1.0,1
149,4.138350374937233,0.41580397333386077,1.0,1
150,4.355758153778701,2.3173697658476766,1.0,1
151,5.140254757739668,-0.8865007684607091,1.0,1
152,4.481752062891248,-1.5236281243747483,1.0,1
153,6.147063723134781,0.6382544591849654,1.0,1
154,-5.184599177172851,-2.2361688420171104,0.0,0
155,3.059268586812723,1.2267218734078904,1.0,1
156,4.819695220420564,-0.3809681075019584,1.0,1
157,-4.533763068907781,0.9043483091819423,0.0,0
158,-6.491478674910895,0.186625719560586,0.0,0
159,2.360431943987608,-0.19981036813449848,1.0,1
160,-5.427679598123804,1.242869549603737,0.0,0
161,-3.7924697341496385,0.876326304231321,0.0,0
162,-3.910467342785547,-0.07052341796234977,0.0,0
163,-3.791037179992624,1.8355606479067832,0.0,0
164,3.944061605568121,-0.9386827159303761,1.0,1
165,4.909009653733724,0.8885414052544469,1.0,1
166,5.386848108700272,0.10040212284661892,1.0,1
167,4.683304486192449,-0.6841537073963396,1.0,1
168,5.463277162393681,0.8425394274921589,1.0,1
169,-4.720056428743077,1.5959211716104487,0.0,0
170,4.537328216015991,0.05673717272164838,1.0,1
171,4.962250871581427,-0.10217779836382478,1.0,1
172,5.807012583797134,1.0711998720624445,1.0,1
173,4.701776487607591,0.29179058347524184,1.0,1
174,-6.088508555488929,0.5685042066678756,0.0,0
175,-5.187133068495629,0.9582356438322627,0.0,0
176,-5.7047204226246055,0.8473386580790396,0.0,0
177,5.489646331463214,0.025048705709673113,1.0,1
178,-3.824089228165393,0.6800715328674297,0.0,0
179,-5.216686798032722,0.38034478964435503,0.0,0
180,-4.6171297609731345,0.3254636281821306,0.0,0
181,-5.341699981491724,0.5041385551044657,0.0,0
182,-3.142850839328207,1.6980265666932324,0.0,0
183,3.5547261722128587,0.7144915545379406,1.0,1
184,-5.296318067537632,0.12129732537833084,0.0,0
185,5.354360101383085,-0.8551323317363702,1.0,1
186,-4.0263556202008415,0.9979573856771604,0.0,0
187,7.146384551911089,2.1404207771662067,1.0,1
188,4.651946932711915,0.3587459345339118,1.0,1
189,3.4326253142881153,1.071138705949364,1.0,1
190,-4.752020115252462,0.8171882801174081,0.0,0
191,-4.32458371498166,-0.284276426327477,0.0,0
192,5.6191395102418555,0.5586084611207605,1.0,1
193,-4.679166419501394,0.45677539559674624,0.0,0
194,6.079453158570546,0.23582480461662716,1.0,1
195,-6.147237141240235,1.520166442206532,0.0,0
196,-6.328067231002086,0.5496972691147225,0.0,0
197,5.341715924057263,0.17473180872783628,1.0,1
198,-3.0701675660009777,0.19148232543991203,0.0,0
199,-5.010032652757383,-0.8456444283952297,0.0,0
200,4.498633063122006,-1.2169314006005303,1.0,1
201,-5.098684696809514,-0.21498304496389087,0.0,0
202,-5.629012254686703,1.0959217778185861,0.0,0
203,3.2180111724403133,-0.347457012463986,1.0,1
204,4.192225280517755,0.21188479326695098,1.0,1
205,-6.084567912005767,-1.3634715446185843,0.0,0
206,-6.543443908892475,0.5746214289211681,0.0,0
207,5.295352983157188,0.4875384689746032,1.0,1
208,-5.518703851539,-0.06239854858230655,0.0,0
209,5.301338296879094,0.44223567985455897,1.0,1
210,4.508328876318917,-2.131139717082245,1.0,1
211,6.912632328174729,-0.7239388018089143,1.0,1
212,-6.224529092816291,1.0086509563084367,0.0,0
213,-5.197236368404285,-2.0420964154954233,0.0,0
214,-5.310332513484967,0.5872344792636836,0.0,0
215,3.8061868098167064,1.248530015723781,1.0,1
216,-5.607852630824568,1.1986679049459128,0.0,0
217,5.70866379490379,-2.0683365751577134,1.0,1
218,-6.415518770434276,1.6296113186459584,0.0,0
219,-5.813571425487538,-1.6637284133317123,0.0,0
220,-4.320935703146694,-0.6125253521171887,0.0,0
221,4.83233417092656,-1.5107496802368154,1.0,1
222,-4.971888233733776,-1.08229436218015,0.0,0
223,6.386266436537204,-1.123781344264862,1.0,1
224,-4.6573620186307725,-0.12643756370963435,0.0,0
225,5.002871917273825,1.1457317166470344,1.0,1
226,5.607022407862285,-2.8756744231329834,1.0,1
227,6.6168165154998855,0.7709584205150708,1.0,1
228,5.075772006324358,0.36210246506851246,1.0,1
229,6.923046556303978,-0.3362218685786753,1.0,1
230,-4.573298200824782,-0.7083224844135482,0.0,0
231,-5.304086292549011,-0.969797603506867,0.0,0
232,-4.6614109490001985,-0.01183049447881976,0.0,0
233,4.106678140718026,0.20070395953707482,1.0,1
234,-4.341382435207723,0.7112883400295278,0.0,0
235,6.062592338517667,-0.8310401340004008,1.0,1
236,-3.808767542934901,-0.34825811883938024,0.0,0
237,5.608915690411534,0.32922480217294153,1.0,1
238,4.432494810407209,-0.6416917690803176,1.0,1
239,4.477105868167095,1.0443149591861545,1.0,1
240,6.317111462864467,0.8292180219162482,1.0,1
241,6.038037516171055,-0.17532418558561705,1.0,1
242,4.27098143963948,0.37357655977659737,1.0,1
243,-5.266375651928753,0.8047531789135072,0.0,0
244,5.005905979926916,1.2284177949731911,1.0,1
245,-4.979581241214423,-0.5818502098168723,0.0,0
246,-5.3580201025633425,-0.22803453828591722,0.0,0
247,-4.125920190839801,0.40935502492564035,0.0,0
248,4.822861636262755,1.7432117045959954,1.0,1
249,-4.529736252403814,-1.1114304477623544,0.0,0
250,5.477085093619709,-0.7355512271688321,1.0,1
251,3.9593436205562376,0.9538485428959957,1.0,1
252,7.109664455483628,-0.03686352759232783,1.0,1
253,-5.394754918823179,-0.9875715303389617,0.0,0
254,-5.526264015220695,-0.5183532052690668,0.0,0
255,6.128221225753047,-0.6878540308081769,1.0,1
256,-3.6725150459843627,1.1323757784574673,0.0,0
257,3.95371351239693,1.50728454357729,1.0,1
258,-6.4604175091188765,0.8587618152385667,0.0,0
259,3.0380777183624144,-0.5769839772532117,1.0,1
260,-3.7530502388224214,0.1902145688716806,0.0,0
261,3.221217391964333,-0.6121254456097568,1.0,1
262,-5.085205392293722,-1.0926892749774142,0.0,0
263,-4.040293628652489,0.8291703990248491,0.0,0
264,-5.358593950073598,-0.061930948579204066,0.0,0
265,6.63084430951627,2.068925792934494,1.0,1
266,6.692350300194487,-0.717418962702375,1.0,1
267,3.834588034846786,-0.4775670764563269,1.0,1
268,7.7528642825740155,-2.0100387475151806,1.0,1
269,5.163126340751367,1.962036528325299,1.0,1
270,-5.231291943503451,-0.945836680830284,0.0,0
271,-6.323436265801265,0.8295471443189064,0.0,0
272,5.784374258587503,1.505890184197978,1.0,1
273,-5.990274689319482,-0.5344472080416974,0.0,0
274,-5.510565134214073,0.28162607810668,0.0,0
275,5.328929299525648,1.1058225089866012,1.0,1
276,5.416435009654132,2.3260979518263705,1.0,1
277,5.4820159153877395,-0.796564191366739,1.0,1
278,-6.173525095208348,-0.23568528753446685,0.0,0
279,6.940783033545438,-0.3943675231409005,1.0,1
280,5.321854711210697,-2.2768771190121924,1.0,1
281,-6.164011878369482,0.9130045340818803,0.0,0
282,4.173240126381904,0.8069800937302603,1.0,1
283,-5.119486109808754,0.6911986057180803,0.0,0
284,-5.756437209399123,0.3216865758662266,0.0,0
285,5.544329816940449,1.0201166859834945,1.0,1
286,4.035138074465818,0.9732873480541646,1.0,1
287,3.2824570525441175,-0.06017799288669453,1.0,1
288,-3.4244990641575948,0.33056327654884465,0.0,0
289,-5.324235348240527,-0.3097511440161062,0.0,0
290,-3.3777915121498485,-0.4971601466888655,0.0,0
291,4.896857542439542,-1.761313157311081,1.0,1
292,5.805969538268597,0.3830039999621296,1.0,1
293,3.8633732231762856,0.6424599063856559,1.0,1
294,-6.115039953419441,-1.4506831416048005,0.0,0
295,-3.591822925634714,0.6187168100871239,0.0,0
296,4.9213240002678855,-0.10310574677687236,1.0,1
297,-5.09185557833082,-0.9935401897080857,0.0,0
298,-5.461344463730359,0.4665790006493482,0.0,0
299,-4.368545383637561,-0.1752510546351389,0.0,0
300,5.051628580356962,-0.6198403796162315,1.0,1
301,5.7454720980570375,0.7200706960442296,1.0,1
302,-5.732461986720457,-1.2125231310951696,0.0,0
303,4.188568151787387,-1.1877161818711022,1.0,1
304,-4.894026999057687,-1.2180659551955204,0.0,0
305,-6.647115702961145,-0.6896401644574376,0.0,0
306,-6.235418645820333,0.7780097301850001,0.0,0
307,4.414974787257223,1.3870723601476367,1.0,1
308,-4.446225392429422,-2.1594416461000474,0.0,0
309,5.3299129392917,1.3058775434382666,1.0,1
310,5.547542280213842,-1.2389716006256533,1.0,1
311,3.3570375549275644,0.5804977218907443,1.0,1
312,4.096445245412401,0.1760351306494985,1.0,1
313,6.546226007238319,0.42670669701519126,1.0,1
314,6.240509667817219,0.9072743767515026,1.0,1
315,4.624926273339197,0.769089634784946,1.0,1
316,-7.187085930638222,0.04700244536864444,0.0,0
317,5.015005479988633,1.3240089248239557,1.0,1
318,-6.503458399249395,-0.23235739649273984,0.0,0
319,-7.631438036808333,1.2587213025893325,0.0,0
320,4.623259993424017,-0.3451244242806939,1.0,1
321,5.471527521449165,-1.094015741247235,1.0,1
322,-5.81730898144078,-0.847681069998698,0.0,0
323,-5.029588215095097,0.34566061748224475,0.0,0
324,4.103931653895435,-1.5334613049272314,1.0,1
325,4.641745031448262,-0.1747828668325812,1.0,1
326,-5.336591724075609,-1.7258900047900703,0.0,0
327,4.895430121869109,0.2899801611075576,1.0,1
328,-6.253880667749012,-0.6377515024534103,0.0,0
329,-5.623700657591065,0.4157107543398722,0.0,0
330,2.977710428553659,-1.80088871393394,1.0,1
331,-5.501817102955654,0.3711875050895233,0.0,0
332,-6.318043823475456,-1.9317689789009886,0.0,0
333,5.212247393542303,-1.7799045632030446,1.0,1
334,-5.116000386468974,1.013492949202779,0.0,0
335,5.754250156535905,0.7702315722756339,1.0,1
336,-6.57052860106121,-1.793888920926237,0.0,0
337,5.0273612592584085,0.4679559164605835,1.0,1
338,5.991190547610404,0.6622877476660229,1.0,1
339,-4.222778187632041,0.19143790953291445,0.0,0
340,5.5725084579228135,-0.3693339793839124,1.0,1
341,-4.587330417063083,-0.632506884341217,0.0,0
342,-3.0447350226004843,-0.8682007988022243,0.0,0
343,5.168934153902768,-0.16224376219272132,1.0,1
344,-4.576056386407007,-0.5452554077679013,0.0,0
345,5.7727500390314805,-0.860429082464025,1.0,1
346,5.055912202670213,-2.32168058715495,1.0,1
347,5.429607604614462,1.1632693045991065,1.0,1
348,-3.5916308539230988,-0.6087108032644418,0.0,0
349,3.7038657679405054,-2.160763416720832,1.0,1
350,5.2815011025964615,-1.8788196900917287,1.0,1
351,2.6259770957683113,0.5209860941265507,1.0,1
352,-6.271746949530087,0.7471284116768413,0.0,0
353,4.078269260820594,-0.3493789722027377,1.0,1
354,-5.333933411336199,-0.01287012804787971,0.0,0
355,4.288506888891831,-0.9578889578144112,1.0,1
356,-3.836195286746354,0.11936481908700643,0.0,0
357,4.661267950208451,-2.0952380654491045,1.0,1
358,-3.0587507044359152,0.05552552931562209,0.0,0
359,3.3805040636453128,1.2434330939582705,1.0,1
360,6.013471037295286,-0.927115132876956,1.0,1
361,-4.674447837119428,-0.26991790118506015,0.0,0
362,6.504185340759638,1.3266900419649847,1.0,1
363,5.588669865153688,-1.3498748224363628,1.0,1
364,-5.823431405985666,0.13021495415796958,0.0,0
365,3.8721182549840742,-0.5535659830281892,1.0,1
366,-6.530512897355624,1.0744651405355077,0.0,0
367,5.856340145514741,0.8013297715602846,1.0,1
368,5.643194533713256,0.23365844536727295,1.0,1
369,5.341856080741804,-1.3139713168066938,1.0,1
370,5.472711379810841,0.022131301323773948,1.0,1
371,-5.976577764577765,0.9448203118607358,0.0,0
372,4.421568162418538,0.7979648385487166,1.0,1
373,-5.0590700254544,-1.8933652703493453,0.0,0
374,4.926356182550197,-0.06976102330652316,1.0,1
375,5.870501891000127,-0.20963534323670233,1.0,1
376,6.12779681690817,-1.9642740865120103,1.0,1
377,6.044105883218297,-0.26060177526400236,1.0,1
378,4.620776724249798,-0.362273884318325,1.0,1
379,-3.88659832196412,0.14299002816716133,0.0,0
380,-5.765015007080769,-1.7764015233277912,0.0,0
381,5.889791685743677,1.8957374832732548,1.0,1
382,4.876791737206442,-0.6440216665686157,1.0,1
383,3.732485995559467,-0.9585475107989712,1.0,1
384,-3.3913090319779466,-0.2702323920091581,0.0,0
385,5.780502894746143,0.4670081817431341,1.0,1
386,-5.353080138487715,1.8698089140811711,0.0,0
387,4.7335717000349895,-0.1755425554343064,1.0,1
388,-2.9021593238988093,-0.017031709497609814,0.0,0
389,-5.597855080592205,-0.15832713704922016,0.0,0
390,3.9221548447298757,1.2284236260246229,1.0,1
391,-4.277890977795589,-0.32714360015432026,0.0,0
392,-4.513933597156736,1.7529096058434601,0.0,0
393,-3.716956013230427,0.32402949958940275,0.0,0
394,-4.29668988219327,-0.5981053313408254,0.0,0
395,5.160822745366282,-0.46474250917598164,1.0,1
396,4.7797371166772535,-0.7746828482712819,1.0,1
397,-4.090969006889148,0.30406238981478706,0.0,0
398,-4.7716288997354415,0.631758919064663,0.0,0
399,3.681237348565281,2.1422459407878707,1.0,1
400,-4.785413925295765,-0.40215973507251773,0.0,0
401,-5.246828301979448,-0.36534156990267297,0.0,0
402,3.6324533633671496,0.21055925009905277,1.0,1
403,4.231498997271011,0.8624625806951269,1.0,1
404,5.112665880344771,0.9070422622058512,1.0,1
405,-5.355414435900681,-1.1848769559294434,0.0,0
406,-6.004259798815154,0.6765012617974479,0.0,0
407,-4.330786163584213,-0.14183448580853825,0.0,0
408,5.184752200110778,1.334531340973518,1.0,1
409,-5.0480141917504575,-1.1125293102447653,0.0,0
410,-5.105900564836264,0.6658773971612504,0.0,0
411,5.015521886901439,-0.40218563279189906,1.0,1
412,4.540955611450236,0.2914884613890789,1.0,1
413,-4.2139730029507,1.416729692327733,0.0,0
414,-6.5183263137992675,-0.18118802296682254,0.0,0
415,4.666754986404213,0.6966304096419513,1.0,1
416,4.520257220859373,-0.5550701713386531,1.0,1
417,-4.186376998028656,0.46294959711648187,0.0,0
418,5.240536829783388,-0.7140618242909139,1.0,1
419,4.935548866244908,0.7057843240628519,1.0,1
420,5.137114027473361,-1.0521519939818988,1.0,1
421,5.041322805229843,-0.5585560184590074,1.0,1
422,-4.129102193210601,0.6097905060392789,0.0,0
423,-3.474555763559722,-0.9200931084896136,0.0,0
424,-5.3231343328227,1.1658469592921084,0.0,0
425,4.820256466641856,-1.0129724881725433,1.0,1
426,4.690052759146725,-0.8197119590009722,1.0,1
427,-5.327764244721188,1.0128681948538745,0.0,0
428,-4.837334589511427,-0.7251734497952682,0.0,0
429,5.259708122261502,-0.34887588645429374,1.0,1
430,6.1064844844236505,0.2071693830097103,1.0,1
431,-5.669205605464449,0.04325054289835325,0.0,0
432,5.512722704712509,1.4202251400828514,1.0,1
433,6.041366667507353,-0.8628297774513611,1.0,1
434,2.356575036350586,-0.4489909346763357,1.0,1
435,5.107699547301218,-2.193048141966816,1.0,1
436,5.893458417362053,-0.05950849682255365,1.0,1
437,-4.771337868428944,0.32275552139599994,0.0,0
438,5.913822192939091,-1.3538397697092517,1.0,1
439,7.371879046146901,-0.3935108646298141,1.0,1
440,-4.897698597704874,-1.2639047390050024,0.0,0
441,5.5828510292686,0.9847633822349684,1.0,1
442,-6.222736959748786,-0.3933108517811569,0.0,0
443,6.5183656317729906,0.8010172717583802,1.0,1
444,-5.012609534457079,0.21990670068412085,0.0,0
445,4.154995872754265,0.39583903044377955,1.0,1
446,6.5231395083820285,2.0013069173972844,1.0,1
447,4.806384219298126,-0.16672710884099282,1.0,1
448,5.72575058836744,0.17759445945822372,1.0,1
449,5.656824327637884,0.8493386216126287,1.0,1
450,-3.7340637412944657,-0.8667404022651017,0.0,0
451,5.273744542564867,-0.10692587693820615,1.0,1
452,-5.919231290788835,-1.361811161963595,0.0,0
453,-4.769501438976327,1.92351298256754,0.0,0
454,-3.7353747130319928,-1.4202129989485122,0.0,0
455,-5.390899793755101,0.5738058624050577,0.0,0
456,-4.041808859701794,-0.3334698202423759,0.0,0
457,-2.87418337539121,-0.06232267519153661,0.0,0
458,-5.669102626233445,1.612193042812388,0.0,0
459,-6.198043847785446,-1.4880510172343409,0.0,0
460,5.739998121473146,-0.7078248352720896,1.0,1
461,-5.005873957527278,0.9896393202180513,0.0,0
462,-5.4535691761875285,0.9992528030472034,0.0,0
463,-3.5572408930091948,1.0543880391754223,0.0,0
464,-4.8394555785202815,0.8197606096101892,0.0,0
465,-2.799297900782872,0.6882969302220884,0.0,0
466,-5.199327584860723,0.9810068555697485,0.0,0
467,5.975267568703498,-0.3627723904996948,1.0,1
468,5.93041184556114,0.5302604253722791,1.0,1
469,-5.405248155299427,-0.46942882506336664,0.0,0
470,-5.272654461537783,0.024211360895293473,0.0,0
471,-4.287735364529482,2.5983039272693147,0.0,0
472,4.499843307017254,0.28390666510069834,1.0,1
473,4.5989258478964885,-0.10771798323020222,1.0,1
474,5.544474359406153,-0.5935817731219613,1.0,1
475,5.16556240286693,1.24305298192177,1.0,1
476,-3.4513177612220263,-0.13990735194170767,0.0,0
477,-5.177899338979872,0.5388032736257815,0.0,0
478,-4.273863710111944,0.9980253502222085,0.0,0
479,-3.8775003037774134,0.6519133002708244,0.0,0
480,3.8303902088515827,-1.6857357218488684,1.0,1
481,-6.251184940176854,0.5243443532260578,0.0,0
482,-5.86649520375961,-0.6668075087965194,0.0,0
483,4.073458405763326,1.7369822244029969,1.0,1
484,-5.316699953903356,-0.26557615867858203,0.0,0
485,-6.667573347580706,2.05378027456382,0.0,0
486,5.157749389232411,0.7513756946500728,1.0,1
487,-4.062149702638294,-0.3566630610733439,0.0,0
488,-4.892170117731389,1.01395867884495,0.0,0
489,-3.464082431832623,1.307740053379758,0.0,0
490,3.031850837716319,2.0358269365383714,1.0,1
491,-4.976627656712751,0.19021001785918956,0.0,0
492,-6.43973570767935,-0.04200731857123523,0.0,0
493,-3.5827009535231475,0.8072365345785665,0.0,0
494,-5.098091301219442,-1.1030498610160777,0.0,0
495,-5.302095675769308,2.271033767456694,0.0,0
496,-5.608175260431066,-0.3450417314284374,0.0,0
497,3.929156646848289,2.027467631456583,1.0,1
498,6.20810934739185,-0.8299834422955685,1.0,1
499,3.527763532170786,1.8802631060530215,1.0,1
500,4.108112911060305,-0.5900014124419849,1.0,1
501,-3.6346316551679916,1.7149810236646972,0.0,0
502,4.14434777126041,0.5292615901595079,1.0,1
503,-7.123100350042442,1.0397270908927005,0.0,0
504,4.208119861381018,0.038394743667330186,1.0,1
505,-4.628475318200233,-0.15860520695849933,0.0,0
506,5.459040991942139,0.8516356723741152,1.0,1
507,-6.212268962896063,0.6907772729156428,0.0,0
508,-2.841829800416422,-0.8408786171398601,0.0,0
509,4.883799718200828,0.17697230934977645,1.0,1
510,5.367929544842524,-1.0139132663702677,1.0,1
511,-4.01988249399164,-0.549077860540066,0.0,0
512,-5.0470112544867,0.8041810014107622,0.0,0
513,-4.806410994055418,0.6872857108024943,0.0,0
514,-4.789083703777989,-0.06407674016315698,0.0,0
515,4.473187237369902,0.19338346100714385,1.0,1
516,-4.940614182288141,2.5870088285630093,0.0,0
517,-4.527214977278325,0.4656238140107664,0.0,0
518,-3.8045181940274277,0.2536184377034516,0.0,0
519,4.0757081391571,0.5483952845001672,1.0,1
520,-4.913814567065276,-0.6539905475698093,0.0,0
521,-5.027458376689571,-0.09809158279359968,0.0,0
522,4.9110827325914554,-0.033398003553795345,1.0,1
523,-5.497568783048996,0.25517752139669,0.0,0
524,-6.158415910865791,0.12651650597023537,0.0,0
525,-5.5786002519685365,1.651436537097151,0.0,0
526,5.6069276754381425,0.9646459921940493,1.0,1
527,-6.701496094747692,-0.23856501820360618,0.0,0
528,4.008819405643013,-0.7951181613047498,1.0,1
529,-5.802446067595933,-0.32967681048755815,0.0,0
530,-4.578926547277214,-1.608646747211595,0.0,0
531,-6.07262724214967,-0.3833451365939972,0.0,0
532,1.7561219582854792,0.06345245067724163,1.0,1
533,3.84770732701056,1.1310573650629385,1.0,1
534,6.0118089850285905,1.1061423763781273,1.0,1
535,-4.072537568241417,-0.1736356827902158,0.0,0
536,-4.01352598129906,0.9938067071364096,0.0,0
537,5.0953075587624665,0.00072475084580779,1.0,1
538,-5.31571259005774,-0.7306754804134263,0.0,0
539,-5.378966058578934,0.6822370168028621,0.0,0
540,4.493076445788756,1.5708951105257105,1.0,1
541,2.841737250178757,0.2657557673059738,1.0,1
542,-5.001874691725771,0.6319482840093328,0.0,0
543,6.062407815321972,1.1957465878984759,1.0,1
544,3.6783449143892444,1.2611309221644549,1.0,1
545,-4.9085716914859425,-0.5023312882696742,0.0,0
546,3.1957266949133434,-0.09110291269290938,1.0,1
547,5.5006184691909255,-1.07696841807425,1.0,1
548,-5.877618276749923,-0.4092416167420198,0.0,0
549,4.960776392073329,-0.1780847558598935,1.0,1
550,6.480085309726565,-0.7892505888578611,1.0,1
551,-6.196613888817348,0.654491789693032,0.0,0
552,4.426967725379224,-0.7430841455442292,1.0,1
553,-6.080413004976994,0.16088916682544768,0.0,0
554,-5.006796637550725,1.3228451967455948,0.0,0
555,-5.547065645017409,-7.552661061545873e-05,0.0,0
556,6.427281637272738,0.8668436384806536,1.0,1
557,-5.404723371953823,0.03746478953583978,0.0,0
558,5.051395264250258,0.9513922835170552,1.0,1
559,-5.548043983043382,1.0872587621303165,0.0,0
560,5.43935084060039,-0.7281521811956139,1.0,1
561,7.064662643466846,-0.4393005609164685,1.0,1
562,5.000736586662463,-0.7630643491165816,1.0,1
563,6.017560978368914,-2.5847444565031195,1.0,1
564,-7.78083727488142,0.40340320956851217,0.0,0
565,5.28129578504468,1.7721113393458572,1.0,1
566,4.771892722487561,-0.4109212003354899,1.0,1
567,4.587054690224238,1.111467201729155,1.0,1
568,4.641297254983649,1.504128674406048,1.0,1
569,-5.608060191711851,-1.36921859489701,0.0,0
570,-4.700365396820253,1.4511688228004755,0.0,0
571,4.252027234681367,-1.150258494936139,1.0,1
572,-4.588632248120116,-0.9254669730976067,0.0,0
573,5.448142608752746,0.4943823764475601,1.0,1
574,-4.875772502040269,1.1823316467539853,0.0,0
575,-5.3514067333635,1.286001344146182,0.0,0
576,5.4135288416991285,1.421296072965912,1.0,1
577,-5.403713105343136,0.6485628985444821,0.0,0
578,4.359338960267713,0.556422904742091,1.0,1
579,-5.5261092631211,-0.26362869867309485,0.0,0
580,-3.985696116466539,-1.7089917765492033,0.0,0
581,5.378079080961635,0.3291405518004243,1.0,1
582,4.165187048806713,0.556793525312684,1.0,1
583,-4.0401695500062695,-0.31425058651942994,0.0,0
584,5.77713894201578,0.5898593787315338,1.0,1
585,-4.330610930616174,0.5619206231441555,0.0,0
586,3.509171958216963,0.03451172405078706,1.0,1
587,-4.579873737282163,0.8327863481892153,0.0,0
588,3.5868722509252136,-0.21351884587610712,1.0,1
589,4.368097205545061,1.0193081329782692,1.0,1
590,6.245858993975783,0.1467659701894747,1.0,1
591,4.243577858417265,-0.44552572111887595,1.0,1
592,-5.4485015716563625,-0.09358917826887828,0.0,0
593,4.8233375081844025,0.44843173690269683,1.0,1
594,-4.504271084476325,-1.131956533961282,0.0,0
595,-5.425076103700822,-1.7752428411035694,0.0,0
596,-5.740813773292398,0.07290724327605223,0.0,0
597,5.8181507729911,0.4027093980587704,1.0,1
598,-4.798665561775174,-0.5960315359727529,0.0,0
599,-7.503161011736937,0.8426522172851623,0.0,0
600,-5.285697415352303,-0.026705335050283878,0.0,0
601,-7.3019244611183485,-1.520908256311917,0.0,0
602,3.1737437323976394,-1.256076281503165,1.0,1
603,6.572201430979075,-1.9677082105370909,1.0,1
604,4.889688607176246,-0.2167304357554558,1.0,1
605,4.840516736059948,-2.2624169420927256,1.0,1
606,-4.239833767032456,-1.8372648625636412,0.0,0
607,-4.964820172576035,-0.032047433171445455,0.0,0
608,5.057706362340519,0.007953616771307693,1.0,1
609,-2.785757963564126,-0.8890724087905467,0.0,0
610,-6.771533104509847,-0.6998772345979173,0.0,0
611,-4.526526090943107,-0.26854654852732796,0.0,0
612,-4.777472222730896,-0.27103549320058984,0.0,0
613,-4.5535085836085525,0.4242433858229793,0.0,0
614,-6.05021899025809,0.567880067453997,0.0,0
615,5.399442274693633,0.12112601804800369,1.0,1
616,5.5543661007966225,0.02099295029588685,1.0,1
617,-5.980006647302481,1.011939656367902,0.0,0
618,-4.241978268616872,-0.5983886703421485,0.0,0
619,6.038822086027361,1.5197867921220434,1.0,1
620,-4.9703167696966695,1.0693159694243486,0.0,0
621,5.63042871532257,-0.024558445173787132,1.0,1
622,-5.081391402085293,-0.813746599970635,0.0,0
623,-6.6801341489446315,-0.06425778688921284,0.0,0
624,-5.801571780802421,-0.5130506104434005,0.0,0
625,-3.5955382370420446,0.005498343638950076,0.0,0
626,-3.9661217984788824,-2.1245752847438957,0.0,0
627,2.9865699476925767,-0.028708399552321785,1.0,1
628,-3.040588657611714,-2.025045762997471,0.0,0
629,2.969041127832802,-0.840856330543168,1.0,1
630,-5.121166803288209,-2.008585468370626,0.0,0
631,-6.774223549387275,-1.2013773057044526,0.0,0
632,-5.314074374242274,0.11375597287983731,0.0,0
633,3.7235656601931213,0.05450798839554697,1.0,1
634,7.0267765291509665,0.1814020152147882,1.0,1
635,-4.042421251502861,-2.3523584111768514,0.0,0
636,-5.013603885675351,0.68620068605291,0.0,0
637,4.557155737139603,-1.4812875291688896,1.0,1
638,-5.480998524758504,0.4246485750677678,0.0,0
639,-7.090118998752993,-1.3850350563906724,0.0,0
640,4.341680727826316,0.09297336557733213,1.0,1
641,-4.112233931426537,-1.1742703028253445,0.0,0
642,-4.950328760029658,-1.7476291693217696,0.0,0
643,5.744838191054893,1.2465298665027482,1.0,1
644,4.883028725327555,0.443515218427292,1.0,1
645,6.191946819272083,0.8211487896868627,1.0,1
646,4.262626192712252,-0.5668153443400846,1.0,1
647,5.37388786467983,0.2630295694885706,1.0,1
648,-5.102910614262671,-0.28262838440702354,0.0,0
649,-4.792016508218327,-1.6487962447192448,0.0,0
650,-4.116100434882686,0.8825936819558614,0.0,0
651,4.4947570370330405,1.1459457317086201,1.0,1
652,-5.06783008579807,1.5194710966809868,0.0,0
653,6.428078163698785,0.19868735826215714,1.0,1
654,-7.788112883085002,-1.5872064267876305,0.0,0
655,-6.362288161879607,-1.513273001258948,0.0,0
656,-5.02180418985299,1.3092334897452922,0.0,0
657,4.4920626743914545,1.8283161659407035,1.0,1
658,4.0210530145014625,1.6728352638987058,1.0,1
659,-6.814032598564869,0.11523952975326392,0.0,0
660,-4.054123016286966,0.6130677280288434,0.0,0
661,5.5302946399938815,0.18266094771323832,1.0,1
662,-5.644352965604371,1.347259480921411,0.0,0
663,5.160423923120248,-0.6120655722468324,1.0,1
664,-3.163131496273403,-0.7184031557554633,0.0,0
665,-4.447462652699677,-0.3143343188329431,0.0,0
666,-3.797483413330297,-1.563156706149209,0.0,0
667,-3.9706890283103857,-0.2550368025363731,0.0,0
668,5.452096311020096,0.8255222688598278,1.0,1
669,-6.140534264363493,0.08589715439278962,0.0,0
670,3.8186509979259675,0.2740081267463048,1.0,1
671,-6.378998958407291,-0.44325194864561407,0.0,0
672,-5.25728645887488,1.0375086353506053,0.0,0
673,4.921084404769117,-1.399616628141922,1.0,1
674,2.9482476569901657,0.10517061503993053,1.0,1
675,-4.730998810327872,-1.3967591759349756,0.0,0
676,-6.237353212687854,0.12405589644664888,0.0,0
677,4.597914834119749,1.0308080867593241,1.0,1
678,3.5363846166229465,-0.027059831342167176,1.0,1
679,4.585277451024873,1.49575151099107,1.0,1
680,4.148380096559719,-1.3758412624807381,1.0,1
681,-5.856649877105995,-1.176848319189612,0.0,0
682,-7.840847355803275,-0.15608345174169724,0.0,0
683,6.028330688470383,0.7959715261946323,1.0,1
684,6.289169701460663,1.4577727808671705,1.0,1
685,3.810305636747853,-0.10183600092275157,1.0,1
686,-5.16467119519059,0.774326162387659,0.0,0
687,5.004358516753837,1.432518846046168,1.0,1
688,4.097383178802838,-0.5776587962830496,1.0,1
689,-4.86274908143923,0.41211162392746375,0.0,0
690,4.9585734448052,-0.5410842013258759,1.0,1
691,5.811400735655277,-0.27624844629483314,1.0,1
692,-5.9903049467564795,-0.45410576565382627,0.0,0
693,6.162265361741081,0.5239932667870597,1.0,1
694,-2.7382131462141723,1.1254402330183642,0.0,0
695,5.955086031238027,-0.2530308046031108,1.0,1
696,7.077009079148194,-0.9205180351443191,1.0,1
697,-5.678886151622054,-0.09470896893689112,0.0,0
698,-3.392915053283298,0.7378253923729058,0.0,0
699,-4.390592681498432,-0.8860044891557212,0.0,0
700,-5.398623924733901,0.11045310929056538,0.0,0
701,5.526069707353716,0.3904734087148275,1.0,1
702,5.700604687637449,-0.6347579317900353,1.0,1
703,5.080433184852498,-0.702152473416773,1.0,1
704,-5.3587173106026,-0.23466349182479998,0.0,0
705,6.670939302852523,0.0677912998298014,1.0,1
706,4.757633181350742,-0.876481546768068,1.0,1
707,4.098267039029247,-0.48662802696899804,1.0,1
708,-5.8053665180656155,-1.7276694941206072,0.0,0
709,-4.125798308381024,0.9004687407023031,0.0,0
710,4.778673411563561,-1.472612954543157,1.0,1
711,5.212551307349727,1.2289565121830874,1.0,1
712,7.1558465575412225,-1.9780000985906578,1.0,1
713,6.654449579426458,0.40961352368544945,1.0,1
714,5.2238256935313006,-2.19257149434128,1.0,1
715,5.89887401063812,-1.1567948043042922,1.0,1
716,4.378019840302282,-0.4240579783169099,1.0,1
717,-4.727265262837205,0.42533585692878567,0.0,0
718,6.308688260745532,-0.3717392975534392,1.0,1
719,-6.453608991147572,0.7820642441934978,0.0,0
720,5.301389971429773,1.3909701652196744,1.0,1
721,-4.213943391900512,0.9619686558171991,0.0,0
722,5.69645164112935,1.4977485865330407,1.0,1
723,-6.221939656877403,-1.1976739705802946,0.0,0
724,-5.220292465300064,1.8615641238318181,0.0,0
725,5.882728436878145,0.05907440772542088,1.0,1
726,3.612740500698792,-1.2973972953741948,1.0,1
727,5.444940624109394,-0.21224717100705406,1.0,1
728,-3.283959677887869,1.3081935639887152,0.0,0
729,3.646180378788089,0.9313315693596264,1.0,1
730,5.5191532795683536,0.5281293715720198,1.0,1
731,4.852263917674723,0.5921831772319897,1.0,1
732,4.031902578133637,-0.8916225384581163,1.0,1
733,5.1545960535029565,1.0779192549243266,1.0,1
734,-4.32861584829573,2.35523554140343,0.0,0
735,4.982425301019983,0.16263515578167492,1.0,1
736,4.831750293656232,0.30287691487344376,1.0,1
737,4.586346925910072,-1.3691103991530722,1.0,1
738,5.255447883699803,-0.138840749634282,1.0,1
739,5.8804208893027825,-0.367921473915577,1.0,1
740,-6.118298878458158,-0.03141315318646248,0.0,0
741,5.070454398003107,2.264794296344822,1.0,1
742,4.199282663415806,-0.2969122076972026,1.0,1
743,4.887557656604086,0.015557181200328615,1.0,1
744,4.3889746481372685,0.5857534389664856,1.0,1
745,-4.014185081190455,0.862553522129234,0.0,0
746,-2.9625480576246193,-1.7196739038220863,0.0,0
747,-3.876767115621533,-0.9089096423224156,0.0,0
748,-4.194017888377846,0.9528308618116563,0.0,0
749,-3.937785531077218,1.030379331152028,0.0,0
750,6.212727147166552,-0.6697142061666809,1.0,1
751,4.936504237166926,-0.32426002501166284,1.0,1
752,-5.739142274355783,0.2872142809033677,0.0,0
753,-5.454963190414552,-0.7962460588279633,0.0,0
754,-5.90530026524153,-0.08852530555259044,0.0,0
755,-5.728753045291375,0.48847595789082054,0.0,0
756,-4.746183523450373,0.2837253557710373,0.0,0
757,-6.847326992907105,0.6039092696727824,0.0,0
758,7.4012614124073375,0.47503223762071534,1.0,1
759,5.269753051367104,-2.072002754509709,1.0,1
760,-6.02590006830618,0.04817082349761754,0.0,0
761,3.6162589884039775,0.10524326105808149,1.0,1
762,5.732800465895951,-1.9950785843913952,1.0,1
763,5.1186439868287215,-0.6586110560005461,1.0,1
764,-8.801378196860991,-1.1271722049031339,0.0,0
765,5.077470686138397,1.0785207137840946,1.0,1
766,-4.355270678511119,-0.8283529636790821,0.0,0
767,-3.673831940408001,-0.5202517113340795,0.0,0
768,-5.2510374552120425,0.7728453956729086,0.0,0
769,-6.518107975263659,-0.46118741313672207,0.0,0
770,5.30829531609484,0.8618838059642038,1.0,1
771,-4.493466572379979,0.644098654133265,0.0,0
772,5.780788294538063,0.561676047467248,1.0,1
773,3.779747951014615,0.4432285913628484,1.0,1
774,3.9993167158437646,0.5512465941256914,1.0,1
775,6.142196509248098,0.13551064443636515,1.0,1
776,-4.301078764817608,0.1458594613837427,0.0,0
777,4.131498901004758,1.0597273967692302,1.0,1
778,-3.8650553057140655,1.5497217212656154,0.0,0
779,-2.9325095170209408,-0.06750183042827537,0.0,0
780,-4.359725490153106,1.6619475270132997,0.0,0
781,-5.5093949936499325,0.020851016457012695,0.0,0
782,3.7093454051128254,-1.3964066555439378,1.0,1
783,-4.767963028461093,1.500922621656731,0.0,0
784,-4.044167644832836,-0.8776135866276552,0.0,0
785,-3.76812821137603,-1.4072685633957673,0.0,0
786,4.974369412159717,0.4447176652206228,1.0,1
787,6.070293877779133,1.481576775969997,1.0,1
788,-5.9073614922555135,-0.16145113828415342,0.0,0
789,3.7151831570683633,-0.3268619549941121,1.0,1
790,4.196147321150283,-0.23086034401902272,1.0,1
791,-4.633321396969509,1.0661042664241873,0.0,0
792,-4.40592974476093,-0.19911238275725224,0.0,0
793,-4.988092128115311,-1.4178117660192724,0.0,0
794,4.364503435481955,-0.5072673813486833,1.0,1
795,4.8285588157317,0.1864297081539847,1.0,1
796,4.2051607819962085,0.44887929524614456,1.0,1
797,4.1582080192368736,0.332520383647968,1.0,1
798,-3.269944720202087,-0.49930408017278904,0.0,0
799,-3.272011988718507,-0.9315956254532881,0.0,0
800,3.822030624780569,-0.576543765766884,1.0,1
801,7.114278225199166,0.5102830033615648,1.0,1
802,5.555724467850333,0.941994389321688,1.0,1
803,4.941913573603904,-0.6814720180067562,1.0,1
804,-3.8683554908041122,-0.553404328801565,0.0,0
805,6.896403906840348,0.23758056090870416,1.0,1
806,-3.995946102121123,0.386186399174856,0.0,0
807,5.518708164712197,0.9372085331929764,1.0,1
808,-4.78966246986619,-0.4433774896480074,0.0,0
809,-3.5667598694202503,1.310228934807935,0.0,0
810,4.925345440548365,-0.08849814121080388,1.0,1
811,5.726596565964852,-1.8049240476835569,1.0,1
812,5.596040934449407,-1.0048988671529198,1.0,1
813,6.904723422336784,0.13349124926720393,1.0,1
814,-4.685728005493133,-1.326265459940456,0.0,0
815,5.62896031427878,0.8466387831664968,1.0,1
816,6.653725892005528,-2.4666670681049836,1.0,1
817,-4.4520760417482945,1.4435517643517461,0.0,0
818,-6.969989866140369,-1.2888258522547205,0.0,0
819,-5.031834017613551,-0.1248417726449547,0.0,0
820,-5.086522286382135,-0.9153070699439787,0.0,0
821,4.730283194828787,1.3054244424488255,1.0,1
822,-3.33904751185206,0.8073081862107286,0.0,0
823,-4.586676836520659,-1.0189727803168667,0.0,0
824,7.312506804469971,-1.2681428070199556,1.0,1
825,4.296583724322656,0.12394067486088065,1.0,1
826,-3.9589030780841954,-0.8324088256872509,0.0,0
827,4.373461345356501,-0.49561215892249166,1.0,1
828,4.954240651572074,-1.5618663118736906,1.0,1
829,-4.476781558717368,-0.4266897699938011,0.0,0
830,4.600021334356441,-1.4331891718586902,1.0,1
831,5.187412363670508,-0.644915462030691,1.0,1
832,3.7799382823661873,-0.29239965325315687,1.0,1
833,4.507162472107258,-0.1305798218980758,1.0,1
834,6.571823949103805,0.947236328202389,1.0,1
835,-2.233396928898129,-0.053609460071342124,0.0,0
836,-5.375558118971573,0.15160759364714313,0.0,0
837,-4.855707974227416,0.17551025490535685,0.0,0
838,5.013218271020362,1.2879669272789571,1.0,1
839,-3.508610373875712,-0.638901996684651,0.0,0
840,-6.469470287384738,-0.5926075275723277,0.0,0
841,5.264807010143256,-1.631477663557547,1.0,1
842,-4.84457132316056,-0.2535947166623714,0.0,0
843,-3.0117256666319108,1.7524329545580741,0.0,0
844,-5.818275367960267,-0.6546431760426943,0.0,0
845,5.228025086182795,2.3304635078602445,1.0,1
846,4.423040322418156,0.20087222443176114,1.0,1
847,5.319254882764489,-0.9559896051312572,1.0,1
848,4.420218961396572,0.18247735156870099,1.0,1
849,4.927957091835986,1.255251472924187,1.0,1
850,-5.149290941747446,1.9867630371691618,0.0,0
851,6.2520482816465135,-0.8426299946455987,1.0,1
852,4.878846593593425,0.7534894714182002,1.0,1
853,-5.239668781477711,0.14330773250787254,0.0,0
854,-5.063071282800469,0.2066545915240505,0.0,0
855,-3.386618464738976,0.38092143377222654,0.0,0
856,-5.548955096195741,1.805970109932475,0.0,0
857,-6.109328927849742,0.6918098770528872,0.0,0
858,4.221984330884096,0.6091336616424187,1.0,1
859,-6.605180795787059,0.12618068088061885,0.0,0
860,4.3605970085009105,-0.09047594122973888,1.0,1
861,-5.334325311563376,-0.019825242851109096,0.0,0
862,5.358057309645796,-0.6038872751636332,1.0,1
863,-7.930222844367977,1.035262562912749,0.0,0
864,-4.90407958760476,0.8009296466651268,0.0,0
865,-4.510796506441297,1.5660332728275252,0.0,0
866,-4.820633509069854,-0.5360381765489386,0.0,0
867,5.277811939973151,-0.391055165246062,1.0,1
868,4.159274898657732,1.4893317585236765,1.0,1
869,4.308754775597089,-1.7231656421749533,1.0,1
870,3.6814957181033634,-0.18218311797345813,1.0,1
871,-5.1543840059324015,-1.2875951767798524,0.0,0
872,5.358551193350712,-0.6936366166449239,1.0,1
873,5.041242552997745,1.1309628709696216,1.0,1
874,4.4562847535788155,-0.540788857164891,1.0,1
875,-3.432608081532775,0.5321545423629521,0.0,0
876,-5.31525041793954,0.2422968133686014,0.0,0
877,-4.810811025070642,0.827072508053467,0.0,0
878,5.7083899834157705,-1.459792953709625,1.0,1
879,-3.9273702537662176,-0.823285164614491,0.0,0
880,-5.548418342771168,1.0653829464364948,0.0,0
881,-6.201936680866973,-0.47078555770734065,0.0,0
882,-4.006623639507319,-1.3245554497378837,0.0,0
883,5.733034960265697,-0.6986099135277793,1.0,1
884,4.775970061499528,-1.0202122485523162,1.0,1
885,4.2988162954936175,-2.2460027329875234,1.0,1
886,-5.118698190156857,-1.016887816814955,0.0,0
887,-6.217936773320799,1.2855917224139994,0.0,0
888,-3.5310811040762218,1.3433880478461098,0.0,0
889,-3.757082102917553,1.1841771283478413,0.0,0
890,4.5735379362751,-1.101596173661776,1.0,1
891,-4.593272163736304,-0.4470836442472603,0.0,0
892,-6.360007677123059,0.7740000020757852,0.0,0
893,-4.645344723569061,1.7212157981393923,0.0,0
894,-4.924802463008553,-0.7207595682202254,0.0,0
895,4.698857534596101,0.5857035600351898,1.0,1
896,4.902270283468567,-1.1223615890718095,1.0,1
897,4.700278123920536,0.7353766519564194,1.0,1
898,4.9113384726301845,-0.15683869431845943,1.0,1
899,-5.177189780191875,-0.1623065330357974,0.0,0
